ADM_NAME,region,maize_planting,maize_endofseaso,multi_planting,multi_endofseaso,n_same_calendar_crops,same_calendar_crops,windows_differ
CAHAMA,Central,305,152,305,121,1,Maize 1,True
CUANGAR,Central,305,152,305,121,1,Maize 1,True
CUANHAMA,Central,305,152,305,121,1,Maize 1,True
CUCHI,Central,305,152,305,121,1,Maize 1,True
CUITO CUANAVALE,Central,305,152,305,121,1,Maize 1,True
CUVELAI,Central,305,152,305,121,1,Maize 1,True
MENONGUE,Central,305,152,305,121,1,Maize 1,True
NAMAKUNDE,Central,305,152,305,121,1,Maize 1,True
OMBADJA,Central,305,152,305,121,1,Maize 1,True
BAROLONG,Eastern,320,152,320,136,1,Maize 1,True
BOBONONG,Eastern,320,152,320,136,1,Maize 1,True
CHOBE,Eastern,320,152,320,136,1,Maize 1,True
KGATLENG,Eastern,320,152,320,136,1,Maize 1,True
KWENENG NORTH,Eastern,320,152,320,136,1,Maize 1,True
KWENENG SOUTH,Eastern,320,152,320,136,1,Maize 1,True
MACHANENG,Eastern,320,152,320,136,1,Maize 1,True
MAHALAPYE,Eastern,320,152,320,136,1,Maize 1,True
MASUNGU,Eastern,320,152,320,136,1,Maize 1,True
NGWAKETSE NORTH,Eastern,320,152,320,136,1,Maize 1,True
NGWAKETSE SOUTH,Eastern,320,152,320,136,1,Maize 1,True
PALAPYE,Eastern,320,152,320,136,1,Maize 1,True
SEROWE,Eastern,320,152,320,136,1,Maize 1,True
TUTUME,Eastern,320,152,320,136,1,Maize 1,True
BALÉ,Central,121,350,305,121,1,Maize 1,True
BAM,Central,121,350,305,121,1,Maize 1,True
BANWA,Central,121,350,305,121,1,Maize 1,True
BAZÈGA,Central,121,350,305,121,1,Maize 1,True
BOULGOU,Central,121,350,305,121,1,Maize 1,True
BOULKIEMDÉ,Central,121,350,305,121,1,Maize 1,True
COMOÉ,Central,121,350,305,121,1,Maize 1,True
GANZOURGOU,Central,121,350,305,121,1,Maize 1,True
GOURMA,Central,121,350,305,121,1,Maize 1,True
HOUET,Central,121,350,305,121,1,Maize 1,True
KADIOGO,Central,121,350,305,121,1,Maize 1,True
KOMPIENGA,Central,121,350,305,121,1,Maize 1,True
KOSSI,Central,121,350,305,121,1,Maize 1,True
KOULPÉLOGO,Central,121,350,305,121,1,Maize 1,True
KOURITENGA,Central,121,350,305,121,1,Maize 1,True
KOURWÉOGO,Central,121,350,305,121,1,Maize 1,True
KÉNÉDOUGOU,Central,121,350,305,121,1,Maize 1,True
LÉRABA,Central,121,350,305,121,1,Maize 1,True
MOUHOUN,Central,121,350,305,121,1,Maize 1,True
NAHOURI,Central,121,350,305,121,1,Maize 1,True
NAYALA,Central,121,350,305,121,1,Maize 1,True
PASSORÉ,Central,121,350,305,121,1,Maize 1,True
PONI,Central,121,350,305,121,1,Maize 1,True
SANGUIÉ,Central,121,350,305,121,1,Maize 1,True
SANMATENGA,Central,121,350,305,121,1,Maize 1,True
SISSILI,Central,121,350,305,121,1,Maize 1,True
SOUROU,Central,121,350,305,121,1,Maize 1,True
TAPOA,Central,121,350,305,121,1,Maize 1,True
TUY,Central,121,350,305,121,1,Maize 1,True
YATENGA,Central,121,350,305,121,1,Maize 1,True
ZIRO,Central,121,350,305,121,1,Maize 1,True
ZOUNDWÉOGO,Central,121,350,305,121,1,Maize 1,True
BÉNOUÉ,Central,121,305,305,121,1,Maize 1,True
DIAMARÉ,Central,121,305,305,121,1,Maize 1,True
FARO,Central,121,305,305,121,1,Maize 1,True
MAYO DANAY,Central,121,305,305,121,1,Maize 1,True
MAYO KANI,Central,121,305,305,121,1,Maize 1,True
MAYO LOUTI,Central,121,305,305,121,1,Maize 1,True
MAYO REY,Central,121,305,305,121,1,Maize 1,True
MAYO SAVA,Central,121,305,305,121,1,Maize 1,True
MAYO TSANAGA,Central,121,305,305,121,1,Maize 1,True
BAGOUÉ,Central,121,259,305,121,1,Maize 1,True
FOLON,Central,121,259,305,121,1,Maize 1,True
KABADOUGOU,Central,121,259,305,121,1,Maize 1,True
PORO,Central,121,259,305,121,1,Maize 1,True
TCHOLOGO,Central,121,259,305,121,1,Maize 1,True
WORODOUGOU,Central,121,259,305,121,1,Maize 1,True
ABNUB,Central,121,305,305,121,1,Maize 1,True
ABU HAMMAD,Central,121,305,305,121,1,Maize 1,True
ABU HUMMUS,Central,121,305,305,121,1,Maize 1,True
ABU KABIR,Central,121,305,305,121,1,Maize 1,True
ABU QURQAS,Central,121,305,305,121,1,Maize 1,True
ABU TIJ,Central,121,305,305,121,1,Maize 1,True
ABU TISHT,Central,121,305,305,121,1,Maize 1,True
ABU AL-MATAMIR,Central,121,305,305,121,1,Maize 1,True
AD-DILINAT,Central,121,305,305,121,1,Maize 1,True
AJA,Central,121,305,305,121,1,Maize 1,True
AKHMIM,Central,121,305,305,121,1,Maize 1,True
AL-'AMRIYAH,Central,121,305,305,121,1,Maize 1,True
AL-'AYYAT,Central,121,305,305,121,1,Maize 1,True
AL-'IDWAH,Central,121,305,305,121,1,Maize 1,True
AL-'USAYRAT,Central,121,305,305,121,1,Maize 1,True
AL-BADARI,Central,121,305,305,121,1,Maize 1,True
AL-BAJUR,Central,121,305,305,121,1,Maize 1,True
AL-BALIYANA,Central,121,305,305,121,1,Maize 1,True
AL-BURULUS,Central,121,305,305,121,1,Maize 1,True
AL-FASHN,Central,121,305,305,121,1,Maize 1,True
AL-FATH,Central,121,305,305,121,1,Maize 1,True
AL-FAYYUM,Central,121,305,305,121,1,Maize 1,True
AL-GANOUB,Central,121,305,305,121,1,Maize 1,True
AL-GANOUB 2,Central,121,305,305,121,1,Maize 1,True
AL-GHANAYIM,Central,121,305,305,121,1,Maize 1,True
AL-HAMUL,Central,121,305,305,121,1,Maize 1,True
AL-HUSAYNIYAH,Central,121,305,305,121,1,Maize 1,True
AL-IBRAHIMIYAH,Central,121,305,305,121,1,Maize 1,True
AL-MAHALLAH AL-KUBRA,Central,121,305,305,121,1,Maize 1,True
AL-MAHMUDIYAH,Central,121,305,305,121,1,Maize 1,True
AL-MANSHAH,Central,121,305,305,121,1,Maize 1,True
AL-MANSURAH,Central,121,305,305,121,1,Maize 1,True
AL-MANSURAH 2,Central,121,305,305,121,1,Maize 1,True
AL-MANZILAH,Central,121,305,305,121,1,Maize 1,True
AL-MARAGHAH,Central,121,305,305,121,1,Maize 1,True
AL-MATARIYAH,Central,121,305,305,121,1,Maize 1,True
AL-MINYA,Central,121,305,305,121,1,Maize 1,True
AL-QANATIR AL-KHAYRIYAH,Central,121,305,305,121,1,Maize 1,True
AL-QANAYAT,Central,121,305,305,121,1,Maize 1,True
AL-QANTARAH,Central,121,305,305,121,1,Maize 1,True
AL-QANTARAH ASH-SHARQIYAH,Central,121,305,305,121,1,Maize 1,True
AL-QUSIYAH,Central,121,305,305,121,1,Maize 1,True
AL-WAQF,Central,121,305,305,121,1,Maize 1,True
AL-WARRAQ,Central,121,305,305,121,1,Maize 1,True
AL-WASTA,Central,121,305,305,121,1,Maize 1,True
AR-RAHMANIYAH,Central,121,305,305,121,1,Maize 1,True
AR-RIYAD,Central,121,305,305,121,1,Maize 1,True
ARMANT,Central,121,305,305,121,1,Maize 1,True
AS-SANTAH,Central,121,305,305,121,1,Maize 1,True
AS-SINBILLAWAYN,Central,121,305,305,121,1,Maize 1,True
ASH-SHUHADA,Central,121,305,305,121,1,Maize 1,True
ASHMUN,Central,121,305,305,121,1,Maize 1,True
ASYUT,Central,121,305,305,121,1,Maize 1,True
AT-TALL AL-KABIR,Central,121,305,305,121,1,Maize 1,True
AWLAD SAQR,Central,121,305,305,121,1,Maize 1,True
BADR,Central,121,305,305,121,1,Maize 1,True
BANHA,Central,121,305,305,121,1,Maize 1,True
BANI MAZAR,Central,121,305,305,121,1,Maize 1,True
BANI SUWAYF,Central,121,305,305,121,1,Maize 1,True
BANI UBAYD,Central,121,305,305,121,1,Maize 1,True
BASYUN,Central,121,305,305,121,1,Maize 1,True
BIBA,Central,121,305,305,121,1,Maize 1,True
BILBAYS,Central,121,305,305,121,1,Maize 1,True
BILQAS,Central,121,305,305,121,1,Maize 1,True
BIRKAT AS-SAB',Central,121,305,305,121,1,Maize 1,True
BIYALA,Central,121,305,305,121,1,Maize 1,True
BURJ AL-'ARAB,Central,121,305,305,121,1,Maize 1,True
DAMANHUR,Central,121,305,305,121,1,Maize 1,True
DAR AS-SALAM,Central,121,305,305,121,1,Maize 1,True
DAYR MAWAS,Central,121,305,305,121,1,Maize 1,True
DAYRUT,Central,121,305,305,121,1,Maize 1,True
DIKIRNIS,Central,121,305,305,121,1,Maize 1,True
DISHNA,Central,121,305,305,121,1,Maize 1,True
DISUQ,Central,121,305,305,121,1,Maize 1,True
DIYARB NAJM,Central,121,305,305,121,1,Maize 1,True
FAQUS,Central,121,305,305,121,1,Maize 1,True
FARASKUR,Central,121,305,305,121,1,Maize 1,True
FARSHUT,Central,121,305,305,121,1,Maize 1,True
FUWAH,Central,121,305,305,121,1,Maize 1,True
HAWSH 'ISA,Central,121,305,305,121,1,Maize 1,True
HIHYA,Central,121,305,305,121,1,Maize 1,True
IBSHAWAY,Central,121,305,305,121,1,Maize 1,True
IDFU,Central,121,305,305,121,1,Maize 1,True
IDKU,Central,121,305,305,121,1,Maize 1,True
IHNASIYA,Central,121,305,305,121,1,Maize 1,True
IMBABAH,Central,121,305,305,121,1,Maize 1,True
ISMAILIA,Central,121,305,305,121,1,Maize 1,True
ISNA,Central,121,305,305,121,1,Maize 1,True
ITSA,Central,121,305,305,121,1,Maize 1,True
ITYAY AL-BARUD,Central,121,305,305,121,1,Maize 1,True
JIRJA,Central,121,305,305,121,1,Maize 1,True
JUHAYNAH AL-GHARBIYAH,Central,121,305,305,121,1,Maize 1,True
KAFR SA'D,Central,121,305,305,121,1,Maize 1,True
KAFR SAQR,Central,121,305,305,121,1,Maize 1,True
KAFR AD-DAWWAR,Central,121,305,305,121,1,Maize 1,True
KAFR ASH-SHAYKH,Central,121,305,305,121,1,Maize 1,True
KAFR AZ-ZAYYAT,Central,121,305,305,121,1,Maize 1,True
KAWM HAMADAH,Central,121,305,305,121,1,Maize 1,True
KAWM UMBU,Central,121,305,305,121,1,Maize 1,True
LUXOR,Central,121,305,305,121,1,Maize 1,True
MAGHAGHAH,Central,121,305,305,121,1,Maize 1,True
MAHALAT DIMNAH,Central,121,305,305,121,1,Maize 1,True
MALLAWI,Central,121,305,305,121,1,Maize 1,True
MALLAWI CITY,Central,121,305,305,121,1,Maize 1,True
MANFALUT,Central,121,305,305,121,1,Maize 1,True
MASHTUL AS-SUQ,Central,121,305,305,121,1,Maize 1,True
MATAY,Central,121,305,305,121,1,Maize 1,True
MINUF,Central,121,305,305,121,1,Maize 1,True
MINUF CITY,Central,121,305,305,121,1,Maize 1,True
MINYA AL-QAMH,Central,121,305,305,121,1,Maize 1,True
MINYAT AN-NASR,Central,121,305,305,121,1,Maize 1,True
MIT GHAMR,Central,121,305,305,121,1,Maize 1,True
MIT SALSIL,Central,121,305,305,121,1,Maize 1,True
MUTUBIS,Central,121,305,305,121,1,Maize 1,True
NABARUH,Central,121,305,305,121,1,Maize 1,True
NAJ' HAMMADI,Central,121,305,305,121,1,Maize 1,True
NAQADAH,Central,121,305,305,121,1,Maize 1,True
NASIR BUSH,Central,121,305,305,121,1,Maize 1,True
NASR,Central,121,305,305,121,1,Maize 1,True
NEW SALHIYAH,Central,121,305,305,121,1,Maize 1,True
QAHA,Central,121,305,305,121,1,Maize 1,True
QALLIN,Central,121,305,305,121,1,Maize 1,True
QALYUB,Central,121,305,305,121,1,Maize 1,True
QIFT,Central,121,305,305,121,1,Maize 1,True
QINA,Central,121,305,305,121,1,Maize 1,True
QUS,Central,121,305,305,121,1,Maize 1,True
QUTUR,Central,121,305,305,121,1,Maize 1,True
QUWAYSINA,Central,121,305,305,121,1,Maize 1,True
ROSETTA,Central,121,305,305,121,1,Maize 1,True
SADAT CITY,Central,121,305,305,121,1,Maize 1,True
SAHIL SALIM,Central,121,305,305,121,1,Maize 1,True
SAMALUT,Central,121,305,305,121,1,Maize 1,True
SAMANNUD,Central,121,305,305,121,1,Maize 1,True
SAQULTAH,Central,121,305,305,121,1,Maize 1,True
SAWHAJ,Central,121,305,305,121,1,Maize 1,True
SHIBIN AL-KAWM,Central,121,305,305,121,1,Maize 1,True
SHIBIN AL-QANATIR,Central,121,305,305,121,1,Maize 1,True
SHIRBIN,Central,121,305,305,121,1,Maize 1,True
SHUBRA KHIT,Central,121,305,305,121,1,Maize 1,True
SIDFA,Central,121,305,305,121,1,Maize 1,True
SIDI SALIM,Central,121,305,305,121,1,Maize 1,True
SINNURIS,Central,121,305,305,121,1,Maize 1,True
SIRS AL-LAYYANAH,Central,121,305,305,121,1,Maize 1,True
SUMUSTA AL-WAQF,Central,121,305,305,121,1,Maize 1,True
TAHTA,Central,121,305,305,121,1,Maize 1,True
TAHTA CITY,Central,121,305,305,121,1,Maize 1,True
TALA,Central,121,305,305,121,1,Maize 1,True
TALKHA,Central,121,305,305,121,1,Maize 1,True
TAMIYAH,Central,121,305,305,121,1,Maize 1,True
TANTA,Central,121,305,305,121,1,Maize 1,True
TIBAH POLICE DEPT.,Central,121,305,305,121,1,Maize 1,True
TIMA,Central,121,305,305,121,1,Maize 1,True
TIMAY AL-IMDID,Central,121,305,305,121,1,Maize 1,True
TUKH,Central,121,305,305,121,1,Maize 1,True
UNORGANIZED IN AL BUHAYRAH,Central,121,305,305,121,1,Maize 1,True
UNORGANIZED IN AL FAYOUM,Central,121,305,305,121,1,Maize 1,True
UNORGANIZED IN AL ISKANDARIYAH,Central,121,305,305,121,1,Maize 1,True
UNORGANIZED IN AL JIZAH,Central,121,305,305,121,1,Maize 1,True
UNORGANIZED IN AL MINYA,Central,121,305,305,121,1,Maize 1,True
UNORGANIZED IN ASWAN,Central,121,305,305,121,1,Maize 1,True
UNORGANIZED IN ASYUT,Central,121,305,305,121,1,Maize 1,True
UNORGANIZED IN BANI SUWAYF,Central,121,305,305,121,1,Maize 1,True
UNORGANIZED IN QINA,Central,121,305,305,121,1,Maize 1,True
UNORGANIZED IN SUHAJ,Central,121,305,305,121,1,Maize 1,True
WEST NUBARIYAH,Central,121,305,305,121,1,Maize 1,True
YUSUF AS-SIDIQ,Central,121,305,305,121,1,Maize 1,True
ZAQAZIQ,Central,121,305,305,121,1,Maize 1,True
ZARQA,Central,121,305,305,121,1,Maize 1,True
ZIFTA,Central,121,305,305,121,1,Maize 1,True
BEYLA,Central,121,350,305,121,1,Maize 1,True
BOFFA,Central,121,350,305,121,1,Maize 1,True
DABOLA,Central,121,350,305,121,1,Maize 1,True
DINGUIRAYE,Central,121,350,305,121,1,Maize 1,True
FORÉCARIAH,Central,121,350,305,121,1,Maize 1,True
GAOUAL,Central,121,350,305,121,1,Maize 1,True
KANKAN,Central,121,350,305,121,1,Maize 1,True
KINDIA,Central,121,350,305,121,1,Maize 1,True
KOUNDARA,Central,121,350,305,121,1,Maize 1,True
KOUROUSSA,Central,121,350,305,121,1,Maize 1,True
MANDIANA,Central,121,350,305,121,1,Maize 1,True
SIGUIRI,Central,121,350,305,121,1,Maize 1,True
ALAOTRA-MANGORO,Southern,305,106,305,106,1,Maize 1,False
AMORON'I MANIA,Southern,305,106,305,106,1,Maize 1,False
ANALAMANGA,Southern,305,106,305,106,1,Maize 1,False
ANDROY,Southern,305,106,305,106,1,Maize 1,False
ANOSY,Southern,305,106,305,106,1,Maize 1,False
ATSIMO-ANDREFANA,Southern,305,106,305,106,1,Maize 1,False
BETSIBOKA,Southern,305,106,305,106,1,Maize 1,False
BOENY,Southern,305,106,305,106,1,Maize 1,False
BONGOLAVA,Southern,305,106,305,106,1,Maize 1,False
DIANA,Southern,305,106,305,106,1,Maize 1,False
HAUTE MATSIATRA,Southern,305,106,305,106,1,Maize 1,False
ITASY,Southern,305,106,305,106,1,Maize 1,False
MELAKY,Southern,305,106,305,106,1,Maize 1,False
MENABE,Southern,305,106,305,106,1,Maize 1,False
SOFIA,Southern,305,106,305,106,1,Maize 1,False
VAKINANKARATRA,Southern,305,106,305,106,1,Maize 1,False
BLANTYRE CITY,Eastern,320,121,320,136,1,Maize 1,True
LILONGWE CITY,Eastern,320,121,320,136,1,Maize 1,True
MWANZA BOMA,Eastern,320,121,320,136,1,Maize 1,True
NTCHISI BOMA,Eastern,320,121,320,136,1,Maize 1,True
RUMPHI BOMA,Eastern,320,121,320,136,1,Maize 1,True
SC CHAKHAZA,Eastern,320,121,320,136,1,Maize 1,True
SC CHAMBA,Eastern,320,121,320,136,1,Maize 1,True
SC CHIKWEO,Eastern,320,121,320,136,1,Maize 1,True
SC CHILIKUMWENDO,Eastern,320,121,320,136,1,Maize 1,True
SC CHILOOKO,Eastern,320,121,320,136,1,Maize 1,True
SC CHILOWAMATAMBE,Eastern,320,121,320,136,1,Maize 1,True
SC CHITEKWELE,Eastern,320,121,320,136,1,Maize 1,True
SC CHIWALO,Eastern,320,121,320,136,1,Maize 1,True
SC CHOWE,Eastern,320,121,320,136,1,Maize 1,True
SC DAMBE,Eastern,320,121,320,136,1,Maize 1,True
SC GOODSON GANYA,Eastern,320,121,320,136,1,Maize 1,True
SC JUMA,Eastern,320,121,320,136,1,Maize 1,True
SC KAMENYA GWAZA,Eastern,320,121,320,136,1,Maize 1,True
SC KAMPINGO SIBANDE,Eastern,320,121,320,136,1,Maize 1,True
SC KAWAMBA,Eastern,320,121,320,136,1,Maize 1,True
SC KAYEMBE,Eastern,320,121,320,136,1,Maize 1,True
SC KHOSOLO GWAZA JERE,Eastern,320,121,320,136,1,Maize 1,True
SC LUKWA,Eastern,320,121,320,136,1,Maize 1,True
SC M'NYANJA,Eastern,320,121,320,136,1,Maize 1,True
SC MAKWANGWALA,Eastern,320,121,320,136,1,Maize 1,True
SC MAVWERE,Eastern,320,121,320,136,1,Maize 1,True
SC MBENJE,Eastern,320,121,320,136,1,Maize 1,True
SC MBIZA,Eastern,320,121,320,136,1,Maize 1,True
SC MBWANA NYAMBI,Eastern,320,121,320,136,1,Maize 1,True
SC MDUWA,Eastern,320,121,320,136,1,Maize 1,True
SC MKUKULA,Eastern,320,121,320,136,1,Maize 1,True
SC MLOMBA,Eastern,320,121,320,136,1,Maize 1,True
SC MPONELA,Eastern,320,121,320,136,1,Maize 1,True
SC MPOSA,Eastern,320,121,320,136,1,Maize 1,True
SC MTEMA,Eastern,320,121,320,136,1,Maize 1,True
SC MWAHENGA,Eastern,320,121,320,136,1,Maize 1,True
SC MWANKHUNIKIRA,Eastern,320,121,320,136,1,Maize 1,True
SC MWIRANG'OMBE,Eastern,320,121,320,136,1,Maize 1,True
SC NAMABVI,Eastern,320,121,320,136,1,Maize 1,True
SC NGOKWE,Eastern,320,121,320,136,1,Maize 1,True
SC NJEWA,Eastern,320,121,320,136,1,Maize 1,True
SC NJOMBWA,Eastern,320,121,320,136,1,Maize 1,True
SC SIMLEMBA,Eastern,320,121,320,136,1,Maize 1,True
SC SITOLA,Eastern,320,121,320,136,1,Maize 1,True
TA BVUMBWE,Eastern,320,121,320,136,1,Maize 1,True
TA CHADZA,Eastern,320,121,320,136,1,Maize 1,True
TA CHAPANANGA,Eastern,320,121,320,136,1,Maize 1,True
TA CHIGARU,Eastern,320,121,320,136,1,Maize 1,True
TA CHIKOWI,Eastern,320,121,320,136,1,Maize 1,True
TA CHIKULAMAYEMBE,Eastern,320,121,320,136,1,Maize 1,True
TA CHIKUMBU,Eastern,320,121,320,136,1,Maize 1,True
TA CHIMALIRO,Eastern,320,121,320,136,1,Maize 1,True
TA CHIMUTU,Eastern,320,121,320,136,1,Maize 1,True
TA CHIMWALA,Eastern,320,121,320,136,1,Maize 1,True
TA CHINDI,Eastern,320,121,320,136,1,Maize 1,True
TA CHISEKA,Eastern,320,121,320,136,1,Maize 1,True
TA CHITERA,Eastern,320,121,320,136,1,Maize 1,True
TA CHITUKULA,Eastern,320,121,320,136,1,Maize 1,True
TA CHIWERE,Eastern,320,121,320,136,1,Maize 1,True
TA CHULU,Eastern,320,121,320,136,1,Maize 1,True
TA DZOOLE,Eastern,320,121,320,136,1,Maize 1,True
TA JALASI,Eastern,320,121,320,136,1,Maize 1,True
TA KABUDULA,Eastern,320,121,320,136,1,Maize 1,True
TA KACHINDAMOTO,Eastern,320,121,320,136,1,Maize 1,True
TA KADEWERE,Eastern,320,121,320,136,1,Maize 1,True
TA KALEMBO,Eastern,320,121,320,136,1,Maize 1,True
TA KALOLO,Eastern,320,121,320,136,1,Maize 1,True
TA KALULUMA,Eastern,320,121,320,136,1,Maize 1,True
TA KALUMBA,Eastern,320,121,320,136,1,Maize 1,True
TA KALUMBU,Eastern,320,121,320,136,1,Maize 1,True
TA KALUMO,Eastern,320,121,320,136,1,Maize 1,True
TA KAMEME,Eastern,320,121,320,136,1,Maize 1,True
TA KANDUKU,Eastern,320,121,320,136,1,Maize 1,True
TA KANYENDA,Eastern,320,121,320,136,1,Maize 1,True
TA KAOMBA,Eastern,320,121,320,136,1,Maize 1,True
TA KAPELULA,Eastern,320,121,320,136,1,Maize 1,True
TA KAPENI,Eastern,320,121,320,136,1,Maize 1,True
TA KAPHUKA,Eastern,320,121,320,136,1,Maize 1,True
TA KASUMBU,Eastern,320,121,320,136,1,Maize 1,True
TA KATULI,Eastern,320,121,320,136,1,Maize 1,True
TA KATUNGA,Eastern,320,121,320,136,1,Maize 1,True
TA KAWINGA,Eastern,320,121,320,136,1,Maize 1,True
TA KHOMBEDZA,Eastern,320,121,320,136,1,Maize 1,True
TA KHONGONI,Eastern,320,121,320,136,1,Maize 1,True
TA KILUPULA,Eastern,320,121,320,136,1,Maize 1,True
TA KUNTAJA,Eastern,320,121,320,136,1,Maize 1,True
TA KUNTHEMBWE,Eastern,320,121,320,136,1,Maize 1,True
TA KUNTUMANJI,Eastern,320,121,320,136,1,Maize 1,True
TA KYUNGU,Eastern,320,121,320,136,1,Maize 1,True
TA LIKOSWE,Eastern,320,121,320,136,1,Maize 1,True
TA LIWONDE,Eastern,320,121,320,136,1,Maize 1,True
TA LUNDU,Eastern,320,121,320,136,1,Maize 1,True
TA M'MBELWA,Eastern,320,121,320,136,1,Maize 1,True
TA MABUKA,Eastern,320,121,320,136,1,Maize 1,True
TA MABULABO,Eastern,320,121,320,136,1,Maize 1,True
TA MACHINJILI,Eastern,320,121,320,136,1,Maize 1,True
TA MAKATA,Eastern,320,121,320,136,1,Maize 1,True
TA MAKHWIRA,Eastern,320,121,320,136,1,Maize 1,True
TA MALEMIA,Eastern,320,121,320,136,1,Maize 1,True
TA MALILI,Eastern,320,121,320,136,1,Maize 1,True
TA MASASA,Eastern,320,121,320,136,1,Maize 1,True
TA MASEYA,Eastern,320,121,320,136,1,Maize 1,True
TA MAZENGERA,Eastern,320,121,320,136,1,Maize 1,True
TA MKANDA,Eastern,320,121,320,136,1,Maize 1,True
TA MKHUMBA,Eastern,320,121,320,136,1,Maize 1,True
TA MLAULI,Eastern,320,121,320,136,1,Maize 1,True
TA MLOLO,Eastern,320,121,320,136,1,Maize 1,True
TA MLONYENI,Eastern,320,121,320,136,1,Maize 1,True
TA MLUMBE,Eastern,320,121,320,136,1,Maize 1,True
TA MPAMA,Eastern,320,121,320,136,1,Maize 1,True
TA MPANDO,Eastern,320,121,320,136,1,Maize 1,True
TA MPHEREMBE,Eastern,320,121,320,136,1,Maize 1,True
TA MPONDA,Eastern,320,121,320,136,1,Maize 1,True
TA MSAKAMBEWA,Eastern,320,121,320,136,1,Maize 1,True
TA MTWALO,Eastern,320,121,320,136,1,Maize 1,True
TA MWABULAMBYA,Eastern,320,121,320,136,1,Maize 1,True
TA MWADZAMA,Eastern,320,121,320,136,1,Maize 1,True
TA MWAMBO,Eastern,320,121,320,136,1,Maize 1,True
TA MWASE,Eastern,320,121,320,136,1,Maize 1,True
TA MZIKUBOLA,Eastern,320,121,320,136,1,Maize 1,True
TA MZUKUZUKU,Eastern,320,121,320,136,1,Maize 1,True
TA NANKUMBA,Eastern,320,121,320,136,1,Maize 1,True
TA NAZOMBE,Eastern,320,121,320,136,1,Maize 1,True
TA NCHEMA,Eastern,320,121,320,136,1,Maize 1,True
TA NDINDI,Eastern,320,121,320,136,1,Maize 1,True
TA NGABU,Eastern,320,121,320,136,1,Maize 1,True
TA NJOLOMOLE,Eastern,320,121,320,136,1,Maize 1,True
TA NKALO,Eastern,320,121,320,136,1,Maize 1,True
TA NKANDA,Eastern,320,121,320,136,1,Maize 1,True
TA NSAMALA,Eastern,320,121,320,136,1,Maize 1,True
TA NTHACHE,Eastern,320,121,320,136,1,Maize 1,True
TA NTHALIRE,Eastern,320,121,320,136,1,Maize 1,True
TA NTHIRAMANJA,Eastern,320,121,320,136,1,Maize 1,True
TA NYAMBI,Eastern,320,121,320,136,1,Maize 1,True
TA PEMBA,Eastern,320,121,320,136,1,Maize 1,True
TA PHAMBALA,Eastern,320,121,320,136,1,Maize 1,True
TA SANTHE,Eastern,320,121,320,136,1,Maize 1,True
TA SYMON,Eastern,320,121,320,136,1,Maize 1,True
TA TAMBALA,Eastern,320,121,320,136,1,Maize 1,True
TA TENGANI,Eastern,320,121,320,136,1,Maize 1,True
TA WIMBE,Eastern,320,121,320,136,1,Maize 1,True
TA ZULU,Eastern,320,121,320,136,1,Maize 1,True
VWAZA MARSH GAME RESERVE - RUMPH,Eastern,320,121,320,136,1,Maize 1,True
BAFOULABÉ,Central,121,350,305,121,1,Maize 1,True
BANAMBA,Central,121,350,305,121,1,Maize 1,True
BANKASS,Central,121,350,305,121,1,Maize 1,True
BAROUÉLI,Central,121,350,305,121,1,Maize 1,True
BLA,Central,121,350,305,121,1,Maize 1,True
BOUGOUNI,Central,121,350,305,121,1,Maize 1,True
DIOÏLA,Central,121,350,305,121,1,Maize 1,True
DIÉMA,Central,121,350,305,121,1,Maize 1,True
KADIOLO,Central,121,350,305,121,1,Maize 1,True
KATI,Central,121,350,305,121,1,Maize 1,True
KAYES,Central,121,350,305,121,1,Maize 1,True
KITA,Central,121,350,305,121,1,Maize 1,True
KOLOKANI,Central,121,350,305,121,1,Maize 1,True
KOLONDIÉBA,Central,121,350,305,121,1,Maize 1,True
KORO,Central,121,350,305,121,1,Maize 1,True
KOULIKORO,Central,121,350,305,121,1,Maize 1,True
KOUTIALA,Central,121,350,305,121,1,Maize 1,True
MACINA,Central,121,350,305,121,1,Maize 1,True
NARA,Central,121,350,305,121,1,Maize 1,True
NIONO,Central,121,350,305,121,1,Maize 1,True
SAN,Central,121,350,305,121,1,Maize 1,True
SIKASSO,Central,121,350,305,121,1,Maize 1,True
SÉGOU,Central,121,350,305,121,1,Maize 1,True
TOMINIAN,Central,121,350,305,121,1,Maize 1,True
YOROSSO,Central,121,350,305,121,1,Maize 1,True
ALTO MOLOCUE,Central,305,121,305,121,1,Maize 1,False
ANCUABE,Central,305,121,305,121,1,Maize 1,False
ANGOCHE,Central,305,121,305,121,1,Maize 1,False
ANGÓNIA,Central,305,121,305,121,1,Maize 1,False
BALAMA,Central,305,121,305,121,1,Maize 1,False
BARUE,Central,305,121,305,121,1,Maize 1,False
BILENE,Central,305,121,305,121,1,Maize 1,False
BOANE,Central,305,121,305,121,1,Maize 1,False
CAHORA BASSA,Central,305,121,305,121,1,Maize 1,False
CAIA,Central,305,121,305,121,1,Maize 1,False
CHANGARA,Central,305,121,305,121,1,Maize 1,False
CHEMBA,Central,305,121,305,121,1,Maize 1,False
CHIBUTO,Central,305,121,305,121,1,Maize 1,False
CHICUALACUALA,Central,305,121,305,121,1,Maize 1,False
CHIFUNDE,Central,305,121,305,121,1,Maize 1,False
CHIUTA,Central,305,121,305,121,1,Maize 1,False
CHIÚRE,Central,305,121,305,121,1,Maize 1,False
CHÓKWÈ,Central,305,121,305,121,1,Maize 1,False
CUAMBA,Central,305,121,305,121,1,Maize 1,False
DONDO,Central,305,121,305,121,1,Maize 1,False
ERATI,Central,305,121,305,121,1,Maize 1,False
FUNHALOURO,Central,305,121,305,121,1,Maize 1,False
GILE,Central,305,121,305,121,1,Maize 1,False
GONDOLA,Central,305,121,305,121,1,Maize 1,False
GORONGOSA,Central,305,121,305,121,1,Maize 1,False
GUIJÁ,Central,305,121,305,121,1,Maize 1,False
GURO,Central,305,121,305,121,1,Maize 1,False
GURUE,Central,305,121,305,121,1,Maize 1,False
ILE,Central,305,121,305,121,1,Maize 1,False
LALAUA,Central,305,121,305,121,1,Maize 1,False
LICHINGA,Central,305,121,305,121,1,Maize 1,False
MABOTE,Central,305,121,305,121,1,Maize 1,False
MACANGA,Central,305,121,305,121,1,Maize 1,False
MACOMIA,Central,305,121,305,121,1,Maize 1,False
MAGANJA DA COSTA,Central,305,121,305,121,1,Maize 1,False
MAGOE,Central,305,121,305,121,1,Maize 1,False
MAGUDE,Central,305,121,305,121,1,Maize 1,False
MALEMA,Central,305,121,305,121,1,Maize 1,False
MANDIMBA,Central,305,121,305,121,1,Maize 1,False
MANHIÇA,Central,305,121,305,121,1,Maize 1,False
MANICA,Central,305,121,305,121,1,Maize 1,False
MARAVIA,Central,305,121,305,121,1,Maize 1,False
MARINGUE,Central,305,121,305,121,1,Maize 1,False
MARRACUENE,Central,305,121,305,121,1,Maize 1,False
MARROMEU,Central,305,121,305,121,1,Maize 1,False
MARRUPA,Central,305,121,305,121,1,Maize 1,False
MASSINGA,Central,305,121,305,121,1,Maize 1,False
MAÚA,Central,305,121,305,121,1,Maize 1,False
MECANHELAS,Central,305,121,305,121,1,Maize 1,False
MECONTA,Central,305,121,305,121,1,Maize 1,False
MECUBURI,Central,305,121,305,121,1,Maize 1,False
MELUCO,Central,305,121,305,121,1,Maize 1,False
MEMBA,Central,305,121,305,121,1,Maize 1,False
METARICA,Central,305,121,305,121,1,Maize 1,False
MILANGE,Central,305,121,305,121,1,Maize 1,False
MOATIZE,Central,305,121,305,121,1,Maize 1,False
MOGOVOLAS,Central,305,121,305,121,1,Maize 1,False
MOMA,Central,305,121,305,121,1,Maize 1,False
MONAPO,Central,305,121,305,121,1,Maize 1,False
MONTEPUEZ,Central,305,121,305,121,1,Maize 1,False
MOPEIA,Central,305,121,305,121,1,Maize 1,False
MORRUMBALA,Central,305,121,305,121,1,Maize 1,False
MORRUMBENE,Central,305,121,305,121,1,Maize 1,False
MOSSURIL,Central,305,121,305,121,1,Maize 1,False
MOSSURIZE,Central,305,121,305,121,1,Maize 1,False
MUECATE,Central,305,121,305,121,1,Maize 1,False
MUEDA,Central,305,121,305,121,1,Maize 1,False
MUEMBE,Central,305,121,305,121,1,Maize 1,False
MUIDUMBE,Central,305,121,305,121,1,Maize 1,False
MURRUPULA,Central,305,121,305,121,1,Maize 1,False
MUTARARA,Central,305,121,305,121,1,Maize 1,False
N'GAUMA,Central,305,121,305,121,1,Maize 1,False
NACALA VELHA,Central,305,121,305,121,1,Maize 1,False
NAMAPA,Central,305,121,305,121,1,Maize 1,False
NAMARROI,Central,305,121,305,121,1,Maize 1,False
NAMPULA,Central,305,121,305,121,1,Maize 1,False
NAMUNO,Central,305,121,305,121,1,Maize 1,False
NHAMATANDA,Central,305,121,305,121,1,Maize 1,False
NICOADALA,Central,305,121,305,121,1,Maize 1,False
NIPEPE,Central,305,121,305,121,1,Maize 1,False
PEMBA,Central,305,121,305,121,1,Maize 1,False
RIBAUE,Central,305,121,305,121,1,Maize 1,False
SANGA,Central,305,121,305,121,1,Maize 1,False
SUSSUNDENGA,Central,305,121,305,121,1,Maize 1,False
TSANGANO,Central,305,121,305,121,1,Maize 1,False
VILANCULOS,Central,305,121,305,121,1,Maize 1,False
XAI-XAI,Central,305,121,305,121,1,Maize 1,False
ZUMBU,Central,305,121,305,121,1,Maize 1,False
ANAMULENGE,Eastern,320,106,320,136,1,Maize 1,True
EENHANA,Eastern,320,106,320,136,1,Maize 1,True
ENDOLA,Eastern,320,106,320,136,1,Maize 1,True
ENGELA,Eastern,320,106,320,136,1,Maize 1,True
ENGODI,Eastern,320,106,320,136,1,Maize 1,True
EPEMBE,Eastern,320,106,320,136,1,Maize 1,True
ETAYI,Eastern,320,106,320,136,1,Maize 1,True
GROOTFONTEIN,Eastern,320,106,320,136,1,Maize 1,True
GUINAS,Eastern,320,106,320,136,1,Maize 1,True
KAHENGE,Eastern,320,106,320,136,1,Maize 1,True
KAPAKO,Eastern,320,106,320,136,1,Maize 1,True
MASHARE,Eastern,320,106,320,136,1,Maize 1,True
MPUNGU,Eastern,320,106,320,136,1,Maize 1,True
MUKWE,Eastern,320,106,320,136,1,Maize 1,True
NDIYONA,Eastern,320,106,320,136,1,Maize 1,True
OGONGO,Eastern,320,106,320,136,1,Maize 1,True
OHANGWENA,Eastern,320,106,320,136,1,Maize 1,True
OKAHAO,Eastern,320,106,320,136,1,Maize 1,True
OKAKU,Eastern,320,106,320,136,1,Maize 1,True
OKALONGO,Eastern,320,106,320,136,1,Maize 1,True
OKANKOLO,Eastern,320,106,320,136,1,Maize 1,True
OKONGO,Eastern,320,106,320,136,1,Maize 1,True
OMATAKO,Eastern,320,106,320,136,1,Maize 1,True
OMULONGA,Eastern,320,106,320,136,1,Maize 1,True
OMUNDAUNGILO,Eastern,320,106,320,136,1,Maize 1,True
OMUNTELE,Eastern,320,106,320,136,1,Maize 1,True
OMUTHIYAGWIPUNDI,Eastern,320,106,320,136,1,Maize 1,True
ONDANGWA,Eastern,320,106,320,136,1,Maize 1,True
ONDOBE,Eastern,320,106,320,136,1,Maize 1,True
ONESI,Eastern,320,106,320,136,1,Maize 1,True
ONGENGA,Eastern,320,106,320,136,1,Maize 1,True
ONGWEDIVA,Eastern,320,106,320,136,1,Maize 1,True
ONIIPA,Eastern,320,106,320,136,1,Maize 1,True
ONYAANYA,Eastern,320,106,320,136,1,Maize 1,True
OSHIKANGO,Eastern,320,106,320,136,1,Maize 1,True
OTAMANZI,Eastern,320,106,320,136,1,Maize 1,True
OTAVI,Eastern,320,106,320,136,1,Maize 1,True
OUTAPI,Eastern,320,106,320,136,1,Maize 1,True
RUACANA,Eastern,320,106,320,136,1,Maize 1,True
RUNDU RURAL EAST,Eastern,320,106,320,136,1,Maize 1,True
RUNDU RURAL WEST,Eastern,320,106,320,136,1,Maize 1,True
STEINHAUSEN,Eastern,320,106,320,136,1,Maize 1,True
TSANDI,Eastern,320,106,320,136,1,Maize 1,True
TSUMKWE,Eastern,320,106,320,136,1,Maize 1,True
GAYA,Central,121,213,305,121,1,Maize 1,True
ABAJI,Central,121,213,305,121,1,Maize 1,True
ABUJA,Central,121,213,305,121,1,Maize 1,True
AGAIE,Central,121,213,305,121,1,Maize 1,True
AGWARA,Central,121,213,305,121,1,Maize 1,True
AJINGI,Central,121,213,305,121,1,Maize 1,True
AKKO,Central,121,228,305,121,1,Maize 1,True
ALBASU,Central,121,213,305,121,1,Maize 1,True
ALEIRO,Central,121,213,305,121,1,Maize 1,True
ALKALERI,Central,121,228,305,121,1,Maize 1,True
ANKA,Central,121,213,305,121,1,Maize 1,True
ARDO-KOLA,Central,121,213,305,121,1,Maize 1,True
AREWA DANDI,Central,121,213,305,121,1,Maize 1,True
ARGUNGU,Central,121,213,305,121,1,Maize 1,True
ASKIRA/UBA,Central,121,228,305,121,1,Maize 1,True
AUGIE,Central,121,213,305,121,1,Maize 1,True
AUYO,Central,121,213,305,121,1,Maize 1,True
AWE,Central,121,213,305,121,1,Maize 1,True
BABURA,Central,121,213,305,121,1,Maize 1,True
BADE,Central,121,228,305,121,1,Maize 1,True
BAGUDO,Central,121,213,305,121,1,Maize 1,True
BAGWAI,Central,121,213,305,121,1,Maize 1,True
BAKORI,Central,121,213,305,121,1,Maize 1,True
BAKURA,Central,121,213,305,121,1,Maize 1,True
BALANGA,Central,121,228,305,121,1,Maize 1,True
BALI,Central,121,213,305,121,1,Maize 1,True
BAMA,Central,121,228,305,121,1,Maize 1,True
BASSA,Central,121,213,305,121,1,Maize 1,True
BATAGARAWA,Central,121,213,305,121,1,Maize 1,True
BATSARI,Central,121,213,305,121,1,Maize 1,True
BAUCHI,Central,121,228,305,121,1,Maize 1,True
BAURE,Central,121,213,305,121,1,Maize 1,True
BAYO,Central,121,228,305,121,1,Maize 1,True
BEBEJI,Central,121,213,305,121,1,Maize 1,True
BICHI,Central,121,213,305,121,1,Maize 1,True
BIDA,Central,121,213,305,121,1,Maize 1,True
BILLIRI,Central,121,228,305,121,1,Maize 1,True
BINDAWA,Central,121,213,305,121,1,Maize 1,True
BINJI,Central,121,213,305,121,1,Maize 1,True
BIRINIWA,Central,121,213,305,121,1,Maize 1,True
BIRNIN GWARI,Central,121,213,305,121,1,Maize 1,True
BIRNIN KEBBI,Central,121,213,305,121,1,Maize 1,True
BIRNIN KUDU,Central,121,213,305,121,1,Maize 1,True
BIRNIN-MAGAJI/KIYAW,Central,121,213,305,121,1,Maize 1,True
BOKKOS,Central,121,213,305,121,1,Maize 1,True
BORGU,Central,121,213,305,121,1,Maize 1,True
BORSARI,Central,121,228,305,121,1,Maize 1,True
BOSSO,Central,121,213,305,121,1,Maize 1,True
BUJI,Central,121,213,305,121,1,Maize 1,True
BUKKUYUM,Central,121,213,305,121,1,Maize 1,True
BUNGUDU,Central,121,213,305,121,1,Maize 1,True
BUNKURE,Central,121,213,305,121,1,Maize 1,True
BUNZA,Central,121,213,305,121,1,Maize 1,True
CHARANCHI,Central,121,213,305,121,1,Maize 1,True
CHIBOK,Central,121,228,305,121,1,Maize 1,True
CHIKUN,Central,121,213,305,121,1,Maize 1,True
DAMATURU,Central,121,228,305,121,1,Maize 1,True
DAMBAN,Central,121,228,305,121,1,Maize 1,True
DAMBATTA,Central,121,213,305,121,1,Maize 1,True
DAMBOA,Central,121,228,305,121,1,Maize 1,True
DANDI,Central,121,213,305,121,1,Maize 1,True
DANDUME,Central,121,213,305,121,1,Maize 1,True
DANJA,Central,121,213,305,121,1,Maize 1,True
DANKO WASAGU,Central,121,213,305,121,1,Maize 1,True
DANMUSA,Central,121,213,305,121,1,Maize 1,True
DARAZO,Central,121,228,305,121,1,Maize 1,True
DAURA,Central,121,213,305,121,1,Maize 1,True
DAWAKIN KUDU,Central,121,213,305,121,1,Maize 1,True
DAWAKIN TOFA,Central,121,213,305,121,1,Maize 1,True
DEMSA,Central,121,228,305,121,1,Maize 1,True
DOGUWA,Central,121,213,305,121,1,Maize 1,True
DOMA,Central,121,213,305,121,1,Maize 1,True
DONGA,Central,121,213,305,121,1,Maize 1,True
DUKKU,Central,121,228,305,121,1,Maize 1,True
DUTSE,Central,121,213,305,121,1,Maize 1,True
DUTSI,Central,121,213,305,121,1,Maize 1,True
DUTSINMA,Central,121,213,305,121,1,Maize 1,True
EDATI,Central,121,213,305,121,1,Maize 1,True
FAKAI,Central,121,213,305,121,1,Maize 1,True
FASKARI,Central,121,213,305,121,1,Maize 1,True
FIKA,Central,121,228,305,121,1,Maize 1,True
FUFORE,Central,121,228,305,121,1,Maize 1,True
FUNAKAYE,Central,121,228,305,121,1,Maize 1,True
FUNE,Central,121,228,305,121,1,Maize 1,True
FUNTUA,Central,121,213,305,121,1,Maize 1,True
GABASAWA,Central,121,213,305,121,1,Maize 1,True
GADA,Central,121,213,305,121,1,Maize 1,True
GAGARAWA,Central,121,213,305,121,1,Maize 1,True
GAMAWA,Central,121,228,305,121,1,Maize 1,True
GANJUWA,Central,121,228,305,121,1,Maize 1,True
GANYE,Central,121,228,305,121,1,Maize 1,True
GARKI,Central,121,213,305,121,1,Maize 1,True
GARKO,Central,121,213,305,121,1,Maize 1,True
GARUM MALLAM,Central,121,213,305,121,1,Maize 1,True
GASHAKA,Central,121,213,305,121,1,Maize 1,True
GASSOL,Central,121,213,305,121,1,Maize 1,True
GAYA,Central,121,213,305,121,1,Maize 1,True
GBAKO,Central,121,213,305,121,1,Maize 1,True
GEIDAM,Central,121,228,305,121,1,Maize 1,True
GEZAWA,Central,121,213,305,121,1,Maize 1,True
GIADE,Central,121,228,305,121,1,Maize 1,True
GIRIE,Central,121,228,305,121,1,Maize 1,True
GIWA,Central,121,213,305,121,1,Maize 1,True
GOMBI,Central,121,228,305,121,1,Maize 1,True
GORONYO,Central,121,213,305,121,1,Maize 1,True
GUBIO,Central,121,228,305,121,1,Maize 1,True
GUDU,Central,121,213,305,121,1,Maize 1,True
GUJBA,Central,121,228,305,121,1,Maize 1,True
GULANI,Central,121,228,305,121,1,Maize 1,True
GUMEL,Central,121,213,305,121,1,Maize 1,True
GUMMI,Central,121,213,305,121,1,Maize 1,True
GURARA,Central,121,213,305,121,1,Maize 1,True
GUSAU,Central,121,213,305,121,1,Maize 1,True
GUYUK,Central,121,228,305,121,1,Maize 1,True
GWAGWALADA,Central,121,213,305,121,1,Maize 1,True
GWANDU,Central,121,213,305,121,1,Maize 1,True
GWARAM,Central,121,213,305,121,1,Maize 1,True
GWARZO,Central,121,213,305,121,1,Maize 1,True
GWIWA,Central,121,213,305,121,1,Maize 1,True
GWOZA,Central,121,228,305,121,1,Maize 1,True
HONG,Central,121,228,305,121,1,Maize 1,True
IBI,Central,121,213,305,121,1,Maize 1,True
IGABI,Central,121,213,305,121,1,Maize 1,True
IKARA,Central,121,213,305,121,1,Maize 1,True
ILLELA,Central,121,213,305,121,1,Maize 1,True
INGAWA,Central,121,213,305,121,1,Maize 1,True
ISA,Central,121,213,305,121,1,Maize 1,True
ITAS/GADAU,Central,121,228,305,121,1,Maize 1,True
JADA,Central,121,228,305,121,1,Maize 1,True
JAHUN,Central,121,213,305,121,1,Maize 1,True
JAKUSKO,Central,121,228,305,121,1,Maize 1,True
JALINGO,Central,121,213,305,121,1,Maize 1,True
JAMA'ARE,Central,121,228,305,121,1,Maize 1,True
JEGA,Central,121,213,305,121,1,Maize 1,True
JEMA'A,Central,121,213,305,121,1,Maize 1,True
JERE,Central,121,228,305,121,1,Maize 1,True
JIBIA,Central,121,213,305,121,1,Maize 1,True
KAFIN HAUSA,Central,121,213,305,121,1,Maize 1,True
KAFUR,Central,121,213,305,121,1,Maize 1,True
KAGA,Central,121,228,305,121,1,Maize 1,True
KAGARKO,Central,121,213,305,121,1,Maize 1,True
KAITA,Central,121,213,305,121,1,Maize 1,True
KAJURU,Central,121,213,305,121,1,Maize 1,True
KALGO,Central,121,213,305,121,1,Maize 1,True
KALTUNGO,Central,121,228,305,121,1,Maize 1,True
KANAM,Central,121,213,305,121,1,Maize 1,True
KANKARA,Central,121,213,305,121,1,Maize 1,True
KANKIA,Central,121,213,305,121,1,Maize 1,True
KARASUWA,Central,121,228,305,121,1,Maize 1,True
KARAYE,Central,121,213,305,121,1,Maize 1,True
KARIM LAMIDO,Central,121,213,305,121,1,Maize 1,True
KARU,Central,121,213,305,121,1,Maize 1,True
KATAGUM,Central,121,228,305,121,1,Maize 1,True
KATCHA,Central,121,213,305,121,1,Maize 1,True
KAUGAMA,Central,121,213,305,121,1,Maize 1,True
KAURA NAMODA,Central,121,213,305,121,1,Maize 1,True
KAURU,Central,121,213,305,121,1,Maize 1,True
KAZAURE,Central,121,213,305,121,1,Maize 1,True
KEANA,Central,121,213,305,121,1,Maize 1,True
KEBBE,Central,121,213,305,121,1,Maize 1,True
KEFFI,Central,121,213,305,121,1,Maize 1,True
KIBIYA,Central,121,213,305,121,1,Maize 1,True
KIRFI,Central,121,228,305,121,1,Maize 1,True
KIRI KASAMA,Central,121,213,305,121,1,Maize 1,True
KIRU,Central,121,213,305,121,1,Maize 1,True
KIYAWA,Central,121,213,305,121,1,Maize 1,True
KOKO/BESSE,Central,121,213,305,121,1,Maize 1,True
KOKONA,Central,121,213,305,121,1,Maize 1,True
KONDUGA,Central,121,228,305,121,1,Maize 1,True
KONTAGORA,Central,121,213,305,121,1,Maize 1,True
KUBAU,Central,121,213,305,121,1,Maize 1,True
KUDAN,Central,121,213,305,121,1,Maize 1,True
KUJE,Central,121,213,305,121,1,Maize 1,True
KUMBOTSO,Central,121,213,305,121,1,Maize 1,True
KUNCHI,Central,121,213,305,121,1,Maize 1,True
KURA,Central,121,213,305,121,1,Maize 1,True
KURFI,Central,121,213,305,121,1,Maize 1,True
KUSADA,Central,121,213,305,121,1,Maize 1,True
KWALI,Central,121,213,305,121,1,Maize 1,True
KWAMI,Central,121,228,305,121,1,Maize 1,True
KWARE,Central,121,213,305,121,1,Maize 1,True
LAFIA,Central,121,213,305,121,1,Maize 1,True
LAMURDE,Central,121,228,305,121,1,Maize 1,True
LANGTANG NORTH,Central,121,213,305,121,1,Maize 1,True
LANGTANG SOUTH,Central,121,213,305,121,1,Maize 1,True
LAPAI,Central,121,213,305,121,1,Maize 1,True
LAU,Central,121,213,305,121,1,Maize 1,True
LAVUN,Central,121,213,305,121,1,Maize 1,True
LERE,Central,121,213,305,121,1,Maize 1,True
MACHINA,Central,121,228,305,121,1,Maize 1,True
MADAGALI,Central,121,228,305,121,1,Maize 1,True
MADOBI,Central,121,213,305,121,1,Maize 1,True
MAGAMA,Central,121,213,305,121,1,Maize 1,True
MAGUMERI,Central,121,228,305,121,1,Maize 1,True
MAI'ADUA,Central,121,213,305,121,1,Maize 1,True
MAIDUGURI,Central,121,228,305,121,1,Maize 1,True
MAIGATARI,Central,121,213,305,121,1,Maize 1,True
MAIYAMA,Central,121,213,305,121,1,Maize 1,True
MAKARFI,Central,121,213,305,121,1,Maize 1,True
MAKODA,Central,121,213,305,121,1,Maize 1,True
MALAM MADURI,Central,121,213,305,121,1,Maize 1,True
MALUMFASHI,Central,121,213,305,121,1,Maize 1,True
MANGU,Central,121,213,305,121,1,Maize 1,True
MANI,Central,121,213,305,121,1,Maize 1,True
MARADUN,Central,121,213,305,121,1,Maize 1,True
MARIGA,Central,121,213,305,121,1,Maize 1,True
MARU,Central,121,213,305,121,1,Maize 1,True
MASHEGU,Central,121,213,305,121,1,Maize 1,True
MASHI,Central,121,213,305,121,1,Maize 1,True
MATAZU,Central,121,213,305,121,1,Maize 1,True
MAYO-BELWA,Central,121,228,305,121,1,Maize 1,True
MICHIKA,Central,121,228,305,121,1,Maize 1,True
MIGA,Central,121,213,305,121,1,Maize 1,True
MIKANG,Central,121,213,305,121,1,Maize 1,True
MINJIBIR,Central,121,213,305,121,1,Maize 1,True
MISAU,Central,121,228,305,121,1,Maize 1,True
MOBBAR,Central,121,228,305,121,1,Maize 1,True
MOKWA,Central,121,213,305,121,1,Maize 1,True
MUBI NORTH,Central,121,228,305,121,1,Maize 1,True
MUSAWA,Central,121,213,305,121,1,Maize 1,True
MUYA,Central,121,213,305,121,1,Maize 1,True
NAFADA,Central,121,228,305,121,1,Maize 1,True
NANGERE,Central,121,228,305,121,1,Maize 1,True
NASARAWA,Central,121,213,305,121,1,Maize 1,True
NASARAWA EGGON,Central,121,213,305,121,1,Maize 1,True
NGANZAI,Central,121,228,305,121,1,Maize 1,True
NGASKI,Central,121,213,305,121,1,Maize 1,True
NGURU,Central,121,228,305,121,1,Maize 1,True
NINGI,Central,121,228,305,121,1,Maize 1,True
NUMAN,Central,121,228,305,121,1,Maize 1,True
PAIKORO,Central,121,213,305,121,1,Maize 1,True
POTISKUM,Central,121,228,305,121,1,Maize 1,True
QUA'AN PAN,Central,121,213,305,121,1,Maize 1,True
RABAH,Central,121,213,305,121,1,Maize 1,True
RAFI,Central,121,213,305,121,1,Maize 1,True
RANO,Central,121,213,305,121,1,Maize 1,True
RIJAU,Central,121,213,305,121,1,Maize 1,True
RIMI,Central,121,213,305,121,1,Maize 1,True
RIMIN GADO,Central,121,213,305,121,1,Maize 1,True
RINGIM,Central,121,213,305,121,1,Maize 1,True
ROGO,Central,121,213,305,121,1,Maize 1,True
RONI,Central,121,213,305,121,1,Maize 1,True
SABON BIRNI,Central,121,213,305,121,1,Maize 1,True
SABON GARI,Central,121,213,305,121,1,Maize 1,True
SABUWA,Central,121,213,305,121,1,Maize 1,True
SAFANA,Central,121,213,305,121,1,Maize 1,True
SAKABA,Central,121,213,305,121,1,Maize 1,True
SANDAMU,Central,121,213,305,121,1,Maize 1,True
SANGA,Central,305,121,305,121,1,Maize 1,False
SHAGARI,Central,121,213,305,121,1,Maize 1,True
SHANGA,Central,121,213,305,121,1,Maize 1,True
SHANI,Central,121,228,305,121,1,Maize 1,True
SHANONO,Central,121,213,305,121,1,Maize 1,True
SHELLENG,Central,121,228,305,121,1,Maize 1,True
SHENDAM,Central,121,213,305,121,1,Maize 1,True
SHINKAFI,Central,121,213,305,121,1,Maize 1,True
SHIRA,Central,121,228,305,121,1,Maize 1,True
SHIRORO,Central,121,213,305,121,1,Maize 1,True
SHOMGOM,Central,121,228,305,121,1,Maize 1,True
SOBA,Central,121,213,305,121,1,Maize 1,True
SONG,Central,121,228,305,121,1,Maize 1,True
SULE TANKARKAR,Central,121,213,305,121,1,Maize 1,True
SUMAILA,Central,121,213,305,121,1,Maize 1,True
SURU,Central,121,213,305,121,1,Maize 1,True
TAFAWA-BALEWA,Central,121,228,305,121,1,Maize 1,True
TAKAI,Central,121,213,305,121,1,Maize 1,True
TAKUM,Central,121,213,305,121,1,Maize 1,True
TALATA-MAFARA,Central,121,213,305,121,1,Maize 1,True
TAMBUWAL,Central,121,213,305,121,1,Maize 1,True
TANGAZA,Central,121,213,305,121,1,Maize 1,True
TARMUWA,Central,121,228,305,121,1,Maize 1,True
TAURA,Central,121,213,305,121,1,Maize 1,True
TEUNGO,Central,121,228,305,121,1,Maize 1,True
TOFA,Central,121,213,305,121,1,Maize 1,True
TORO,Central,121,228,305,121,1,Maize 1,True
TOTO,Central,121,213,305,121,1,Maize 1,True
TSAFE,Central,121,213,305,121,1,Maize 1,True
TSANYAWA,Central,121,213,305,121,1,Maize 1,True
TUDUN WADA,Central,121,213,305,121,1,Maize 1,True
TURETA,Central,121,213,305,121,1,Maize 1,True
WARAWA,Central,121,213,305,121,1,Maize 1,True
WARJI,Central,121,228,305,121,1,Maize 1,True
WASE,Central,121,213,305,121,1,Maize 1,True
WUDIL,Central,121,213,305,121,1,Maize 1,True
WUKARI,Central,121,213,305,121,1,Maize 1,True
WUSHISHI,Central,121,213,305,121,1,Maize 1,True
YAMALTU/DEBA,Central,121,228,305,121,1,Maize 1,True
YANKWASHI,Central,121,213,305,121,1,Maize 1,True
YAURI,Central,121,213,305,121,1,Maize 1,True
YOLA SOUTH,Central,121,228,305,121,1,Maize 1,True
YORRO,Central,121,213,305,121,1,Maize 1,True
YUNUSARI,Central,121,228,305,121,1,Maize 1,True
YUSUFARI,Central,121,228,305,121,1,Maize 1,True
ZAKI,Central,121,228,305,121,1,Maize 1,True
ZANGO,Central,121,213,305,121,1,Maize 1,True
ZANGON KATAF,Central,121,213,305,121,1,Maize 1,True
ZARIA,Central,121,213,305,121,1,Maize 1,True
ZING,Central,121,213,305,121,1,Maize 1,True
ZURMI,Central,121,213,305,121,1,Maize 1,True
BOJANALA,Central,305,121,305,121,1,Maize 1,False
CACADU,Southern,305,106,305,106,1,Maize 1,False
CAPRICORN,Southern,305,106,305,106,1,Maize 1,False
CHRIS HANI,Southern,305,106,305,106,1,Maize 1,False
DR KENNETH KAUNDA,Central,305,121,305,121,1,Maize 1,False
DR RUTH SEGOMOTSI MOMPATI,Central,305,121,305,121,1,Maize 1,False
EKURHULENI,Southern,305,106,305,106,1,Maize 1,False
FEZILE DABI,Central,305,121,305,121,1,Maize 1,False
FRANCES BAARD,Southern,305,106,305,106,1,Maize 1,False
JOE GQABI,Southern,305,106,305,106,1,Maize 1,False
LEJWELEPUTSWA,Central,305,121,305,121,1,Maize 1,False
MANGAUNG,Central,305,121,305,121,1,Maize 1,False
MOPANI,Southern,305,106,305,106,1,Maize 1,False
NGAKA MODIRI MOLEMA,Central,305,121,305,121,1,Maize 1,False
PIXLEY KA SEME,Southern,305,106,305,106,1,Maize 1,False
SEKHUKHUNE,Southern,305,106,305,106,1,Maize 1,False
THABO MOFUTSANYANE,Central,305,121,305,121,1,Maize 1,False
VHEMBE,Southern,305,106,305,106,1,Maize 1,False
WATERBERG,Southern,305,106,305,106,1,Maize 1,False
WEST RAND,Southern,305,106,305,106,1,Maize 1,False
XHARIEP,Central,305,121,305,121,1,Maize 1,False
BABATI,Central,305,152,305,121,1,Maize 1,True
BAHI,Central,305,152,305,121,1,Maize 1,True
CHAMWINO,Central,305,152,305,121,1,Maize 1,True
CHEMBA,Central,305,121,305,121,1,Maize 1,False
CHUNYA,Central,305,152,305,121,1,Maize 1,True
DODOMA URBAN,Central,305,152,305,121,1,Maize 1,True
GAIRO,Central,305,152,305,121,1,Maize 1,True
HANANG,Central,305,152,305,121,1,Maize 1,True
IGUNGA,Central,305,152,305,121,1,Maize 1,True
IKUNGI,Central,305,152,305,121,1,Maize 1,True
IRAMBA,Central,305,152,305,121,1,Maize 1,True
IRINGA RURAL,Central,305,152,305,121,1,Maize 1,True
KALAMBO,Central,305,152,305,121,1,Maize 1,True
KALIUA,Central,305,152,305,121,1,Maize 1,True
KASULU,Central,305,152,305,121,1,Maize 1,True
KILOLO,Central,305,152,305,121,1,Maize 1,True
KILOMBERO,Central,305,152,305,121,1,Maize 1,True
KILOSA,Central,305,152,305,121,1,Maize 1,True
KILWA,Central,305,152,305,121,1,Maize 1,True
KITETO,Central,305,152,305,121,1,Maize 1,True
KONDOA,Central,305,152,305,121,1,Maize 1,True
KONGWA,Central,305,152,305,121,1,Maize 1,True
MANYONI,Central,305,152,305,121,1,Maize 1,True
MASASI,Central,305,152,305,121,1,Maize 1,True
MASASI TOWN,Central,305,152,305,121,1,Maize 1,True
MBARALI,Central,305,152,305,121,1,Maize 1,True
MBEYA RURAL,Central,305,152,305,121,1,Maize 1,True
MBINGA,Central,305,152,305,121,1,Maize 1,True
MBOZI,Central,305,152,305,121,1,Maize 1,True
MBULU,Central,305,152,305,121,1,Maize 1,True
MKALAMA,Central,305,152,305,121,1,Maize 1,True
MLELE,Central,305,152,305,121,1,Maize 1,True
MOMBA,Central,305,152,305,121,1,Maize 1,True
MOROGORO RURAL,Central,305,152,305,121,1,Maize 1,True
MPANDA RURAL,Central,305,152,305,121,1,Maize 1,True
MPANDA URBAN,Central,305,152,305,121,1,Maize 1,True
MPWAPWA,Central,305,152,305,121,1,Maize 1,True
MVOMERO,Central,305,152,305,121,1,Maize 1,True
NACHINGWEA,Central,305,152,305,121,1,Maize 1,True
NAMTUMBO,Central,305,152,305,121,1,Maize 1,True
NANYUMBU,Central,305,152,305,121,1,Maize 1,True
NEWALA,Central,305,152,305,121,1,Maize 1,True
NKASI,Central,305,152,305,121,1,Maize 1,True
NZEGA,Central,305,152,305,121,1,Maize 1,True
SIKONGE,Central,305,152,305,121,1,Maize 1,True
SIMANJIRO,Central,305,152,305,121,1,Maize 1,True
SINGIDA RURAL,Central,305,152,305,121,1,Maize 1,True
SINGIDA URBAN,Central,305,152,305,121,1,Maize 1,True
SONGWE,Central,305,152,305,121,1,Maize 1,True
SUMBAWANGA RURAL,Central,305,152,305,121,1,Maize 1,True
SUMBAWANGA URBAN,Central,305,152,305,121,1,Maize 1,True
TABORA,Central,305,152,305,121,1,Maize 1,True
TUNDURU,Central,305,152,305,121,1,Maize 1,True
ULANGA,Central,305,152,305,121,1,Maize 1,True
URAMBO,Central,305,152,305,121,1,Maize 1,True
UVINZA,Central,305,152,305,121,1,Maize 1,True
UYUI,Central,305,152,305,121,1,Maize 1,True
WANGING'OMBE,Central,305,152,305,121,1,Maize 1,True
BASSAR,Central,121,274,305,121,1,Maize 1,True
DANKPEN,Central,121,274,305,121,1,Maize 1,True
DOUFELGOU,Central,121,274,305,121,1,Maize 1,True
KOZAH,Central,121,274,305,121,1,Maize 1,True
KPENDJAL,Central,121,274,305,121,1,Maize 1,True
KÉRAN,Central,121,274,305,121,1,Maize 1,True
NAKI-OUEST,Central,121,274,305,121,1,Maize 1,True
OTI,Central,121,274,305,121,1,Maize 1,True
OTI-SUD,Central,121,274,305,121,1,Maize 1,True
TANDJOUARÉ,Central,121,274,305,121,1,Maize 1,True
TÔNE,Central,121,274,305,121,1,Maize 1,True
CHADIZA,Eastern,320,136,320,136,1,Maize 1,False
CHAMA,Eastern,320,136,320,136,1,Maize 1,False
CHASEFU,Eastern,320,136,320,136,1,Maize 1,False
CHIBOMBO,Central,305,121,305,121,1,Maize 1,False
CHIENGI,Luapula,289,136,289,136,1,Maize 1,False
CHIKANKANTA,Southern,305,106,305,106,1,Maize 1,False
CHILANGA,Eastern,320,136,320,136,1,Maize 1,False
CHINSALI,North-Western,289,121,289,121,1,Maize 1,False
CHIPANGALI,Eastern,320,136,320,136,1,Maize 1,False
CHIPATA,Eastern,320,136,320,136,1,Maize 1,False
CHIRUNDU,Southern,305,106,305,106,1,Maize 1,False
CHISAMBA,Central,305,121,305,121,1,Maize 1,False
CHITAMBO,Central,305,121,305,121,1,Maize 1,False
CHOMA,Southern,305,106,305,106,1,Maize 1,False
CHONGWE,Eastern,320,136,320,136,1,Maize 1,False
GWEMBE,Southern,305,106,305,106,1,Maize 1,False
ISOKA,North-Western,289,121,289,121,1,Maize 1,False
ITEZHI-TEZHI,Southern,305,106,305,106,1,Maize 1,False
KABOMPO,North-Western,289,121,289,121,1,Maize 1,False
KABWE,Central,305,121,305,121,1,Maize 1,False
KAFUE,Eastern,320,136,320,136,1,Maize 1,False
KALOMO,Southern,305,106,305,106,1,Maize 1,False
KALULUSHI,Central,305,121,305,121,1,Maize 1,False
KANCHIBIYA,North-Western,289,121,289,121,1,Maize 1,False
KAOMA,Southern,305,106,305,106,1,Maize 1,False
KAPIRI MPOSHI,Central,305,121,305,121,1,Maize 1,False
KASAMA,North-Western,289,121,289,121,1,Maize 1,False
KASEMPA,North-Western,289,121,289,121,1,Maize 1,False
KASENENGWA,Eastern,320,136,320,136,1,Maize 1,False
KATETE,Eastern,320,136,320,136,1,Maize 1,False
KAZUNGULA,Southern,305,106,305,106,1,Maize 1,False
KITWE,Central,305,121,305,121,1,Maize 1,False
LUANO,Central,305,121,305,121,1,Maize 1,False
LUANSHYA,Central,305,121,305,121,1,Maize 1,False
LUFWANYAMA,Central,305,121,305,121,1,Maize 1,False
LUMEZI,Eastern,320,136,320,136,1,Maize 1,False
LUNDAZI,Eastern,320,136,320,136,1,Maize 1,False
MAFINGA,North-Western,289,121,289,121,1,Maize 1,False
MAMBWE,Eastern,320,136,320,136,1,Maize 1,False
MANSA,Luapula,289,136,289,136,1,Maize 1,False
MANYINGA,North-Western,289,121,289,121,1,Maize 1,False
MASAITI,Central,305,121,305,121,1,Maize 1,False
MAZABUKA,Southern,305,106,305,106,1,Maize 1,False
MBALA,North-Western,289,121,289,121,1,Maize 1,False
MKUSHI,Central,305,121,305,121,1,Maize 1,False
MONZE,Southern,305,106,305,106,1,Maize 1,False
MPIKA,North-Western,289,121,289,121,1,Maize 1,False
MPONGWE,Central,305,121,305,121,1,Maize 1,False
MUFUMBWE,North-Western,289,121,289,121,1,Maize 1,False
MUMBWA,Central,305,121,305,121,1,Maize 1,False
MUNGWI,North-Western,289,121,289,121,1,Maize 1,False
NAKONDE,North-Western,289,121,289,121,1,Maize 1,False
NAMWALA,Southern,305,106,305,106,1,Maize 1,False
NCHELENGE,Luapula,289,136,289,136,1,Maize 1,False
NDOLA,Central,305,121,305,121,1,Maize 1,False
NKEYEMA,Southern,305,106,305,106,1,Maize 1,False
NYIMBA,Eastern,320,136,320,136,1,Maize 1,False
PEMBA,Central,305,121,305,121,1,Maize 1,False
PETAUKE,Eastern,320,136,320,136,1,Maize 1,False
RUFUNSA,Eastern,320,136,320,136,1,Maize 1,False
SENGA HILL,North-Western,289,121,289,121,1,Maize 1,False
SERENJE,Central,305,121,305,121,1,Maize 1,False
SHIBUYUNJI,Central,305,121,305,121,1,Maize 1,False
SIAVONGA,Southern,305,106,305,106,1,Maize 1,False
SINAZONGWE,Southern,305,106,305,106,1,Maize 1,False
SINDA,Eastern,320,136,320,136,1,Maize 1,False
SOLWEZI,North-Western,289,121,289,121,1,Maize 1,False
VUBWI,Eastern,320,136,320,136,1,Maize 1,False
ZAMBEZI,North-Western,289,121,289,121,1,Maize 1,False
ZIMBA,Southern,305,106,305,106,1,Maize 1,False
BIKITA,Eastern,320,152,320,136,1,Maize 1,True
BINDURA,Central,305,136,305,121,1,Maize 1,True
BINGA,Eastern,320,152,320,136,1,Maize 1,True
BUHERA,Central,305,136,305,121,1,Maize 1,True
BULILIMA,Eastern,320,152,320,136,1,Maize 1,True
CENTENARY/ MUZARABANI,Central,305,136,305,121,1,Maize 1,True
CHEGUTU,Central,305,136,305,121,1,Maize 1,True
CHIKOMBA,Central,305,136,305,121,1,Maize 1,True
CHIPINGE,Central,305,136,305,121,1,Maize 1,True
CHIREDZI,Eastern,320,152,320,136,1,Maize 1,True
CHIRUMHANZU,Eastern,320,152,320,136,1,Maize 1,True
CHIVI,Eastern,320,152,320,136,1,Maize 1,True
GOKWE NORTH,Eastern,320,152,320,136,1,Maize 1,True
GOKWE SOUTH,Eastern,320,152,320,136,1,Maize 1,True
GOROMONZI,Central,305,136,305,121,1,Maize 1,True
GURUVE,Central,305,136,305,121,1,Maize 1,True
GUTU,Eastern,320,152,320,136,1,Maize 1,True
GWANDA,Eastern,320,152,320,136,1,Maize 1,True
GWERU,Eastern,320,152,320,136,1,Maize 1,True
HURUNGWE,Central,305,136,305,121,1,Maize 1,True
HWANGE,Eastern,320,152,320,136,1,Maize 1,True
INSIZA,Eastern,320,152,320,136,1,Maize 1,True
KWEKWE,Eastern,320,152,320,136,1,Maize 1,True
LUPANE,Eastern,320,152,320,136,1,Maize 1,True
MAKONDE,Central,305,136,305,121,1,Maize 1,True
MAKONI,Central,305,136,305,121,1,Maize 1,True
MANGWE,Eastern,320,152,320,136,1,Maize 1,True
MARONDERA,Central,305,136,305,121,1,Maize 1,True
MASVINGO,Eastern,320,152,320,136,1,Maize 1,True
MATOBO,Eastern,320,152,320,136,1,Maize 1,True
MAZOWE,Central,305,136,305,121,1,Maize 1,True
MBERENGWA,Eastern,320,152,320,136,1,Maize 1,True
MHONDORO-NGEZI,Central,305,136,305,121,1,Maize 1,True
MOUNT DARWIN,Central,305,136,305,121,1,Maize 1,True
MUDZI,Central,305,136,305,121,1,Maize 1,True
MUREHWA,Central,305,136,305,121,1,Maize 1,True
MUTARE,Central,305,136,305,121,1,Maize 1,True
MUTOKO,Central,305,136,305,121,1,Maize 1,True
MWENEZI,Eastern,320,152,320,136,1,Maize 1,True
NKAYI,Eastern,320,152,320,136,1,Maize 1,True
NYANGA,Central,305,136,305,121,1,Maize 1,True
RUSHINGA,Central,305,136,305,121,1,Maize 1,True
SANYATI,Central,305,136,305,121,1,Maize 1,True
SEKE,Central,305,136,305,121,1,Maize 1,True
SHAMVA,Central,305,136,305,121,1,Maize 1,True
SHURUGWI,Eastern,320,152,320,136,1,Maize 1,True
UZUMBA MARAMBA PFUNGWE,Central,305,136,305,121,1,Maize 1,True
ZAKA,Eastern,320,152,320,136,1,Maize 1,True
ZVIMBA,Central,305,136,305,121,1,Maize 1,True
ZVISHAVANE,Eastern,320,152,320,136,1,Maize 1,True
